{
  "s_constraint_points": [
    [
      5400.0,
      3860.0
    ],
    [
      4960.0,
      3470.0
    ]
  ],
  "path_constraint_points": [
    [
      4410.0,
      4040.0
    ],
    [
      4330.0,
      3900.0
    ]
  ],
  "all_constraint_points": [
    [
      4220.0,
      4180.0
    ],
    [
      4690.0,
      3970.0
    ]
  ],
  "tmax_constraint_points": [
    [
      4560.0,
      3750.0
    ],
    [
      4500.0,
      3910.0
    ]
  ],
  "description": "\u6563\u70b9\u6570\u636e\uff0c\u7528\u4e8ee=8\u7684\u533a\u57df\u7ed8\u5236\u3002\u751f\u6210\u65f6\u95f4: 2025-07-26 23:53:05"
}