{
  "s_constraint_points": [
    [
      5230.0,
      3500.0
    ],
    [
      5330.0,
      4110.0
    ]
  ],
  "path_constraint_points": [
    [
      4260.0,
      3980.0
    ],
    [
      4160.0,
      4170.0
    ]
  ],
  "all_constraint_points": [
    [
      3170.0,
      4150.0
    ],
    [
      3100.0,
      4420.0
    ]
  ],
  "tmax_constraint_points": [
    [
      3860.0,
      3900.0
    ],
    [
      4220.0,
      3900.0
    ]
  ],
  "description": "\u6563\u70b9\u6570\u636e\uff0c\u7528\u4e8ee=32\u7684\u533a\u57df\u7ed8\u5236\u3002\u751f\u6210\u65f6\u95f4: 2025-07-27 00:17:26"
}