{
  "s_constraint_points": [
    [
      4010.0,
      5040.0
    ],
    [
      4710.0,
      4600.0
    ]
  ],
  "path_constraint_points": [
    [
      4450.0,
      3830.0
    ],
    [
      4670.0,
      3770.0
    ]
  ],
  "all_constraint_points": [
    [
      4250.0,
      4090.0
    ],
    [
      4100.0,
      4030.0
    ]
  ],
  "tmax_constraint_points": [
    [
      4490.0,
      3940.0
    ],
    [
      4480.0,
      3860.0
    ]
  ],
  "description": "\u6563\u70b9\u6570\u636e\uff0c\u7528\u4e8ee=16\u7684\u533a\u57df\u7ed8\u5236\u3002\u751f\u6210\u65f6\u95f4: 2025-07-27 00:01:08"
}