{
  "s_constraint_points": [
    [
      5000.0,
      3720.0
    ],
    [
      4860.0,
      4900.0
    ]
  ],
  "path_constraint_points": [
    [
      4220.0,
      3860.0
    ],
    [
      4250.0,
      3800.0
    ]
  ],
  "all_constraint_points": [
    [
      3790.0,
      4320.0
    ],
    [
      4320.0,
      3110.0
    ]
  ],
  "tmax_constraint_points": [
    [
      4240.0,
      3860.0
    ],
    [
      4150.0,
      4030.0
    ]
  ],
  "description": "\u6563\u70b9\u6570\u636e\uff0c\u7528\u4e8ee=24\u7684\u533a\u57df\u7ed8\u5236\u3002\u751f\u6210\u65f6\u95f4: 2025-07-27 00:05:06"
}